[
  {
    "Username": "alisoltani",
    "Password": "d436433ab60e0b018d56256a2e3e4da72a0e8a257f39386724d4ea6968e3b453",
    "Email": "alisoltani1810@gmail.com",
    "Gender": "male",
    "NickName": "ali",
    "stayLoggedIn": false,
    "timesPlayed": 10,
    "highestGold": 0
  },
  {
    "Username": "alisoltanii",
    "Password": "d436433ab60e0b018d56256a2e3e4da72a0e8a257f39386724d4ea6968e3b453",
    "Email": "alisoltani1810@gmail.com",
    "Gender": "male",
    "NickName": "ali",
    "stayLoggedIn": false,
    "timesPlayed": 2,
    "highestGold": 0
  },
  {
    "Username": "alisoltaniii",
    "Password": "d436433ab60e0b018d56256a2e3e4da72a0e8a257f39386724d4ea6968e3b453",
    "Email": "alisoltani1810@gmail.com",
    "Gender": "male",
    "NickName": "ali",
    "stayLoggedIn": false,
    "timesPlayed": 10,
    "highestGold": 0
  },
  {
    "Username": "alisoltaniiii",
    "Password": "d436433ab60e0b018d56256a2e3e4da72a0e8a257f39386724d4ea6968e3b453",
    "Email": "alisoltani1810@gmail.com",
    "Gender": "male",
    "NickName": "ali",
    "stayLoggedIn": false,
    "timesPlayed": 0,
    "highestGold": 0
  },
  {
    "Username": "rezayat",
    "Password": "24c9c0635f61326de0912df6a4d0a41b097d1067480a9dacf9f76a06bc31ff68",
    "Email": "rezayat@gmail.com",
    "Gender": "male",
    "NickName": "rezi",
    "stayLoggedIn": false,
    "timesPlayed": 9,
    "highestGold": 11000
  },
  {
    "Username": "alirahimi",
    "Password": "24c9c0635f61326de0912df6a4d0a41b097d1067480a9dacf9f76a06bc31ff68",
    "Email": "alisoltani@gmail.com",
    "Gender": "male",
    "NickName": "ali",
    "stayLoggedIn": false,
    "timesPlayed": 0,
    "highestGold": 0
  },
  {
    "Username": "samyarsafari",
    "Password": "24c9c0635f61326de0912df6a4d0a41b097d1067480a9dacf9f76a06bc31ff68",
    "Email": "samyar@gmail.com",
    "Gender": "male",
    "NickName": "samyar",
    "stayLoggedIn": false,
    "timesPlayed": 0,
    "highestGold": 0
  }
]
