[{"Username":"a","Password":"5a3b764dbd4cf81b46b06dc105e14f6bcb496dc3ebd44e732b1d79d99c431807","Email":"aa.aa@a","Gender":"","NickName":"aa","stayLoggedIn":false,"timesPlayed":0,"highestGold":0},{"Username":"aerigeis","Password":"401d7ff997a8fcf62637d8203aefb7c55dc9473cd2cede633596a510bd3cbe7f","Email":"samy@123.com","Gender":"male","NickName":"mmmdwgv","stayLoggedIn":false,"timesPlayed":0,"highestGold":0},{"Username":"aerigeisiui","Password":"401d7ff997a8fcf62637d8203aefb7c55dc9473cd2cede633596a510bd3cbe7f","Email":"samy@123.com","Gender":"male","NickName":"mmmdwgv","stayLoggedIn":false,"timesPlayed":0,"highestGold":0},{"Username":"aerigeisiuiegois","Password":"401d7ff997a8fcf62637d8203aefb7c55dc9473cd2cede633596a510bd3cbe7f","Email":"samy@123.com","Gender":"male","NickName":"mmmdwgv","stayLoggedIn":false,"timesPlayed":0,"highestGold":0},{"Username":"i","Password":"401d7ff997a8fcf62637d8203aefb7c55dc9473cd2cede633596a510bd3cbe7f","Email":"samy@123.com","Gender":"male","NickName":"mmmdwgv","stayLoggedIn":false,"timesPlayed":0,"highestGold":0},{"Username":"aeroi","Password":"8906e4055c66bd2b413bff389086d6163aa283cb2fc950fe24674113bf262e55","Email":"sam@200.com","Gender":"male","NickName":"mammad","stayLoggedIn":false,"timesPlayed":0,"highestGold":0},{"Username":"samyar","Password":"87eff0d0dd5e45df97f65e9347dcc061eee7268ccf41d46a5c6885f7f83ffd09","Email":"samy@134.com","Gender":"male","NickName":"aeri","stayLoggedIn":false,"timesPlayed":0,"highestGold":0}]